buoy,date,air_temperature,barometric_pressure,wind_gust,wind_speed,wind_direction,visibility,wind_direction_u,wind_direction_v
E01,2001-07-01,16.518574074074074,NA,4.711340740740741,3.5589518518518517,185.16959033714815,2568.6340306666666,-0.054373083786540544,0.06638146116605499
E01,2001-08-01,17.276532258064517,NA,4.746403225806452,3.6216048387096773,186.62517560702958,2368.439280107527,0.041262173644715947,0.2729821015710776
E01,2001-09-01,15.639675456389453,NA,6.067334685598377,4.576837728194726,204.55995064259633,2782.6817627180526,-0.12029648430437441,-0.02950393943035309
E01,2002-01-01,2.2345493230174083,NA,9.615027027027027,7.132452793834297,218.2240775835395,2639.5034109284334,-0.31406719416853063,-0.16281048398221135
E01,2002-02-01,1.0301541916167665,NA,10.636017964071856,7.854588323353293,210.97487278937126,2718.190236467066,-0.22318912211850575,-0.1209768001388121
E01,2002-03-01,2.356486559139785,NA,9.288424731182795,6.838305107526882,193.0393753448387,2630.2691661021504,-0.1136573010179618,0.009203089723102407
E01,2002-04-01,5.269630617977528,NA,7.987887482419128,5.9461853932584265,185.63205831338482,2611.3381021348314,0.015888861388324276,0.12429187621301457
E01,2002-05-01,8.325918010752687,NA,7.708774193548387,5.740509408602151,180.95961693696236,2521.4175853508063,-0.00625072176305421,-0.2619575232926877
E01,2002-06-01,12.135555555555555,NA,5.824525,4.3294875,170.11694429913888,2488.627314616667,-0.008922001308005743,-0.18778380041444925
E01,2002-07-01,16.4403125,NA,4.977732336956522,3.7795815217391304,188.01268148288042,2547.938140910326,-0.08989405551057987,-0.29711927558662343
E01,2002-08-01,17.58497311827957,NA,4.200092741935483,3.4949032258064516,184.55316371586022,2637.978602938172,-0.05516937061611592,-0.2218017067961768
E01,2002-09-01,15.344625,NA,5.588991666666667,4.660411111111111,187.0540051845139,2607.8943175694444,-0.09084034600796798,-0.23808340921141044
E01,2002-10-01,10.218867028493895,NA,8.249632293080055,6.717622795115332,203.37866860834464,2784.8381548303933,-0.09394643973973538,0.15117375818823528
E01,2002-11-01,5.663984679665738,NA,10.110714484679665,8.1875,210.14209219587744,2621.436966253482,-0.30314597741658417,0.06479205942028031
E01,2002-12-01,1.4968440392347353,NA,10.720964721845318,8.676308005427408,239.07802900791046,2768.3971916824967,-0.4568482476173412,0.23428190538982205
E01,2003-01-01,-4.1075761396559445,NA,10.024689075630253,7.934518207282913,210.43698039215687,2573.877821820728,-0.3047735434795447,0.4999274303648051
E01,2003-02-01,-2.977317722917778,NA,10.803786666666667,8.664026666666667,204.44999107142857,2504.596187331839,-0.21554731801614793,0.4041163109352402
E01,2003-03-01,0.6819623843357558,NA,8.222943313953488,6.607549418604651,210.12158284883722,2476.308366002907,-0.23722844030764884,0.10258941353907021
E01,2003-04-01,2.8712418383843055,NA,6.358823611111111,5.208048611111111,160.326575,2732.7539882083333,0.07233526364523209,0.05057384164029773
E01,2003-05-01,7.149732526881721,NA,4.7735672043010755,3.965867746288799,152.1262604588394,2585.3624408367073,0.12039973651430272,-0.014870104880301422
E01,2003-06-01,11.951472222222222,NA,4.582986111111111,3.7948,169.78295694444444,2352.87443525,-0.006702214677532913,-0.22197892353724177
E01,2003-07-01,16.206559139784947,NA,4.542471774193548,3.802018817204301,189.1971196236559,2135.835414342742,-0.14333191692988326,-0.5195699477382897
E01,2003-08-01,17.545430107526883,NA,4.425405913978494,3.694143817204301,191.37833467741936,2321.785605846774,-0.11603064607110693,-0.2101399556464903
E01,2003-09-01,15.066152777777777,NA,4.504869444444444,3.741123611111111,174.28679722222222,2507.4269781805556,0.0490159443688239,-0.19123004390337778
E01,2003-10-01,10.51542200557103,NA,8.078823119777159,6.587704735376045,210.22658760445682,2600.5678909052926,-0.27429439615905443,-0.0808773325988444
E01,2003-11-01,6.802451388888889,NA,8.936213888888888,7.228983333333334,181.4088361111111,2612.996906008772,-0.09727183117111694,0.059654484835384075
E01,2003-12-01,2.1047432795698926,NA,10.871826612903225,8.78305376344086,213.32527043010754,2725.850268065629,-0.2904215883729572,0.2243799761018983
E01,2004-01-01,-4.084209631728045,NA,9.60070821529745,7.514053824362606,260.6595464589235,2639.2161212781953,-0.37295058805715603,0.507248132895116
E01,2004-02-01,-1.137265804597701,NA,9.361245689655172,7.624370689655172,237.1976591954023,2781.044054195402,-0.35172133301427366,0.3940822394217459
E01,2004-03-01,1.1705551075268816,NA,7.8113440860215055,6.343036290322581,182.5171615591398,2695.104922889785,-0.05035961762421539,-0.042368094673113206
E01,2004-04-01,4.163100558659218,NA,6.933871508379888,5.7175111731843575,178.17630558659218,2514.51557301676,-0.04064882760151051,0.01932346405779892
E01,2004-05-01,8.20597446236559,NA,5.918439516129032,4.915552419354839,177.29937123655915,2433.71828130914,-0.024515562049845098,-0.2765884986598718
E01,2004-06-01,10.864118055555556,NA,5.004434722222222,4.199630555555555,179.09158055555557,2485.9185417638887,-0.08526745066481334,-0.25865587466695944
E01,2004-07-01,13.788682795698925,NA,3.7800040322580646,3.160684139784946,159.2433994623656,1896.3085582540323,0.15919300383739102,-0.27079878085986786
E01,2004-08-01,16.366102150537635,NA,4.725092741935484,3.994942204301075,204.40977983870968,2437.9636605443548,-0.25061874064753775,-0.4140884812229347
E01,2004-09-01,14.389777777777779,NA,5.435422222222222,4.562731944444445,190.5816375,2615.654244647222,-0.13565856590992262,-0.12022882582618183
E01,2004-10-01,10.405572199730095,1014.5078033940397,7.269097165991903,6.0279730094466935,172.8156411605938,2692.5597581578945,0.03323793547111227,0.08623936730333905
E01,2004-11-01,5.910505602240896,1017.1851875770308,8.886960784313725,7.212852941176471,214.5605644257703,2732.2353475910363,-0.254833661971551,0.10039343875890412
E01,2004-12-01,1.2998179310344828,1013.6069123407202,9.897384508990319,7.9652910344827585,211.64388689655172,2679.6121344598337,-0.20348971465481666,0.16752524107452652
E01,2005-01-01,-3.4212054421768707,1017.3405193596731,8.39108163265306,6.690983673469388,228.70985170068028,2647.8856184468664,-0.18796303344045617,0.47088594536735257
E01,2005-02-01,-1.203088455772114,1016.5166015742129,7.7032518740629685,6.199853073463268,180.53595652173914,2801.222072203898,-0.04669570010400707,0.3803667349852604
E01,2005-03-01,0.41775672043010753,1005.5625866532258,8.59642741935484,6.980479838709678,218.66298924731183,2712.5365210967743,-0.32506954984076164,0.1728067995994504
E01,2005-04-01,5.247918055555555,1012.1392410972222,6.573165277777778,5.432102777777778,186.1514861111111,2544.971991986111,-0.037492429598066174,-0.15605722723787796
E01,2005-05-01,6.969445945945946,1012.2363766351351,6.708513513513513,5.523895945945946,142.2375810810811,2260.9585206081083,0.14515518107092643,0.12037686912059918
E01,2005-06-01,11.67013769123783,1014.5107217524339,5.174083449235049,4.308075104311544,170.12288734353268,2163.2161111126566,-0.03036326408274104,-0.3024046658005975
E01,2005-07-01,15.769825268817204,1014.6321061693549,4.409827956989247,3.698662634408602,190.57080913978496,2428.5912253494625,-0.15646484263566213,-0.2605011991948854
E01,2005-08-01,17.793736559139784,1015.4456576478494,4.3142379032258065,3.6177567204301075,186.55697983870968,2620.614524301075,-0.09758901387203105,-0.3152136456328427
E01,2005-09-01,15.859083333333333,1016.6076787916667,5.5149125,4.611941666666667,215.77559861111112,2633.988814052778,-0.3383389989621098,-0.23879534188115792
E01,2005-10-01,11.028940620782725,1014.6018388259109,8.439380566801619,6.844964912280702,180.08099055330635,2379.1945484075572,-0.11920608396654479,0.17892852312351992
E01,2005-11-01,7.261109722222222,1015.3286775416667,8.773966666666666,6.903559722222222,220.0868847222222,2641.9849378472222,-0.3218466734549144,-0.11718438485999175
E01,2005-12-01,1.2480309139784946,1011.9106308467742,9.293052419354838,7.159647849462366,240.84290322580645,2671.8397128776883,-0.4211814052297677,0.26501855678953695
E01,2006-01-01,1.642744966442953,1013.0968985100671,8.869457718120806,6.981571812080537,196.98705503355706,2684.556192375839,-0.16778663719891357,0.18452206987734923
E01,2006-02-01,-1.249561011904762,1011.418952514881,9.753403273809523,7.644046130952381,226.80986904761906,2773.3367170833335,-0.3842470826588902,0.15484858994744405
E01,2006-03-01,1.3721774193548386,1011.3345068682796,7.375916666666667,5.849807795698925,235.93381586021505,2819.9504105107526,-0.3550594480834369,0.28696247581880957
E01,2006-04-01,5.810310829817159,1012.9629921659634,6.393201125175809,5.135205344585091,199.26700843881858,2697.9561571424756,-0.1467616035876364,0.09925656063469296
E01,2006-05-01,8.915577956989248,1011.9495981182796,6.398465053763441,5.238088709677419,150.1985188172043,2318.2535123655916,0.14888206044711103,-0.02848656124027128
E01,2006-06-01,13.168180555555555,1012.3084765277778,4.645529166666667,3.7505277777777777,159.75265694444445,2163.4450508333334,0.08456662335677925,-0.22405578729659156
E01,2006-07-01,17.73558546433378,1013.023406756393,4.327306864064603,3.5365881561238224,204.0827065948856,2504.6385454791384,-0.29047923916458146,-0.46308101086273634
E01,2006-08-01,17.2780376344086,1013.8699744086022,4.5801478494623655,3.709252688172043,214.17682661290323,2795.466112983871,-0.2629107335643765,-0.10417081538796495
E01,2006-09-01,14.693887931034483,1014.2396105258621,5.123622413793103,4.1969301724137935,203.08718876555173,2700.474390365517,-0.22386222264783392,-0.3198948203486583
E01,2006-10-01,11.081448924731182,1012.1397933400538,8.209766129032259,6.640182795698925,210.6586303763441,2817.1306388508065,-0.22464907025833333,-0.07629886103086145
E01,2006-11-01,8.440880555555555,1018.9174467361111,7.602564583333334,6.1607465277777775,184.42003819444446,2736.7207300208333,-0.04622687180907324,0.039040220529341425
E01,2006-12-01,4.628513823331086,1017.517718698584,9.485260957518543,7.577968307484828,251.22540188806474,2788.6118743762645,-0.5030547305402358,0.09513629353249965
E01,2007-01-01,-0.405573252688172,1013.5441730195024,10.319175521183592,8.049351042367181,224.97372360457297,2619.235811741762,-0.38681950098464873,0.25867281936358677
E01,2007-02-01,-3.068536857781087,1007.8276682563338,10.668749627421759,8.386086438152011,247.34772280178836,2795.5299980551417,-0.5370022856739478,0.327111817523185
E01,2007-03-01,0.7694663978494624,1016.8523718413978,9.476,7.5588360215053765,241.6866821236559,2715.0443671485214,-0.44095004016901185,0.01272342723538299
E01,2007-04-01,3.9432743055555557,1010.8536886597223,8.013991666666668,6.53516875,179.19186944444445,2711.1656566222223,-0.013120796979799298,0.08086744070090175
E01,2007-05-01,9.1526253122398,1017.076347898973,5.246769913960589,4.391097141271163,172.9480174854288,2664.181013587011,-0.03678785495566907,-0.008421267386614261
E01,2007-06-01,12.365726851851852,1012.2158381851851,4.838247916666667,4.075080324074074,191.82649421296296,2686.854030053241,-0.18531041178314941,-0.07302451736610195
E01,2007-07-01,16.121818996415772,1012.8377225044803,4.266919130824372,3.5846485215053763,190.66977083333333,2258.087150204301,-0.15611061117810723,-0.34322114523117536
E01,2007-08-01,16.51534946236559,1013.6842479973118,4.151954749103942,3.4751041666666667,204.90596818996417,2618.8982109444446,-0.19347785036323728,-0.2952355232874514
E01,2007-09-01,15.02254659832246,1017.7389077679403,5.470836905871389,4.566559179869524,203.16494454799627,2688.530097611836,-0.24002141498172402,-0.13154884672880265
E01,2007-10-01,11.948547715053763,1017.043522703853,6.517627688172043,5.345608221326165,194.55179816308242,2670.489311980287,-0.13051706325488374,-0.10239098895156147
E01,2007-11-01,5.673122939814815,1015.6265804606481,9.370968287037037,7.4918155787037035,216.78079444444444,2760.410099298611,-0.28753083496234444,0.12011394040858563
E01,2007-12-01,0.2138258664218499,1017.4175468035944,9.605722056460868,7.567040188202892,205.59533394537524,2788.047365371586,-0.1929863828077823,0.2751002850799775
E01,2008-01-01,0.09491743142783904,1017.2340500307693,9.300821840553704,7.426461753396565,223.88378795180722,2795.5505328820514,-0.3457369710229671,0.05872559989305541
E01,2008-02-01,-0.5968196691440901,1013.7180791848477,8.837087988491968,7.008559625988972,210.07439955406377,2710.823751258691,-0.19638463091539113,0.13874071487624204
E01,2008-03-01,0.887366711469534,1015.1626682258064,9.1185181451612909,7.3364192652329745,216.1904495967742,2740.125099453405,-0.21978104153349431,0.08549433491146173
E01,2008-04-01,5.572986437394042,1017.7570230804654,6.102893436667474,4.974513925890046,179.2582724630661,2752.980630232316,-0.02638363279301128,-0.07921085257216469
E01,2008-05-01,8.812797715053764,1009.172293464814,5.764564964157706,4.772792338709677,190.99099798387095,2886.1217869280754,-0.14543982204769654,-0.12577301751248363
E01,2008-06-01,12.931472222222222,1012.119897848541,4.240900694444444,3.5512261574074073,165.77396064814815,2309.944965011574,0.0997186773169162,-0.23597421860454162
E01,2008-07-01,17.417701612903226,1012.8490915960547,4.29622961469534,3.575130376344086,189.36709856630824,2602.6678280327133,-0.166525773862597,-0.506736738334698
E01,2008-08-01,15.887780017921147,1012.1615235640681,4.562218862007168,3.8383494623655916,175.25431406810037,2622.274867564964,0.014002166683732288,0.010621326323138183
E01,2008-09-01,14.560150035722792,1018.4395202240229,5.302490116694451,4.372586568230531,179.3987096236303,2657.6099375839885,-0.018027769130329465,-0.08888523968514553
E01,2008-10-01,10.610325716845878,1017.5551786726458,7.556168682795699,6.147626792114695,200.19755734767026,2842.735515766129,-0.22920983515834747,0.08344871936935527
E01,2008-11-01,5.9898594907407405,1015.3189417983778,8.772336805555556,6.9925747685185184,220.24098958333335,2631.651407125,-0.2673472037592718,0.0030689897312296465
E01,2008-12-01,1.568483422939068,1015.9864942268041,10.771427643369176,8.563931227598566,213.22594646057348,2734.822629032258,-0.349668115039246,0.1323860047275136
E01,2009-01-01,-3.5777486559139784,1011.9863076355895,10.289685707885305,8.094070340501792,235.9129204749104,2804.1674241487453,-0.4227460889308651,0.3447470895272605
E01,2009-02-01,-0.05609714571857784,1012.7346159776675,9.600077876984127,7.732813244047619,241.40588913690476,2798.4483641964284,-0.3874836769264676,0.22762926504813782
E01,2009-03-01,5.152804446569448,1019.5364651837655,8.291251521298175,6.737656524678837,192.95399008338967,2803.4270807550147,-0.14998132586961527,0.14188695081474295
E01,2009-04-01,5.361771759259259,1013.7152998958093,6.693379166666666,5.554301388888889,189.8315048611111,2635.7149507569443,-0.1092470054470498,-0.2398449842463204
E01,2009-05-01,8.770846550179211,1016.4363921393369,5.816819892473118,4.862739247311828,182.6635053763441,2639.6084706317206,-0.11741277698688654,-0.3283065072660105
E01,2009-06-01,11.600956018518518,1011.5101927824074,5.080815740740741,4.253445833333333,134.56747824074074,2362.9076949606483,0.22996175352436252,0.009852904742146916
E01,2009-07-01,14.558335573476702,1013.2098806699529,4.667268369175627,3.938731630824373,168.34118884408602,2261.2352966681606,0.004053832297921802,-0.26646139999819324
E01,2009-08-01,17.93103046594982,1014.7419426103518,4.5302862903225805,3.7888866487455197,195.21421460573475,2530.481576279122,-0.20004966449162828,-0.25629967063852876
E01,2009-09-01,14.541089339864707,1018.1511056032672,5.719149755073478,4.740051551201306,189.2186384418008,2831.78242724685,-0.18626964929780115,-0.1054683473062366
E01,2009-10-01,9.964961021505376,1015.7255377538669,7.910033602150538,6.414746639784946,200.8860649641577,2790.858782059498,-0.15749382354286925,0.16036033794057541
E01,2009-11-01,8.600641898148147,1017.655778474537,7.769410416666667,6.311672916666667,178.0600340277778,2771.436052090278,-0.10523576384212466,0.2863975568139902
E01,2009-12-01,1.2799930555555556,1013.401927544843,11.529511424731183,9.01058579749104,231.21479525089606,2712.2956288821683,-0.3963430437858756,0.29757257952956767
E01,2010-01-01,-0.44408131720430105,1009.5973819861018,10.327879480286738,8.280558691756273,228.5308373655914,2804.6930847634408,-0.3202823777228999,0.4452533017460299
E01,2010-02-01,0.24882514880952378,1004.5012726693128,10.232554811507937,8.265241567460318,221.25335813492063,2780.570372470238,-0.23263583631599002,0.4259858092998734
E01,2010-03-01,3.834766129032258,1011.7645854785923,8.724537410394266,7.083282482078853,157.69825224014338,2649.9158431272404,0.11232317980879562,0.2445325656441293
E01,2010-04-01,6.992457407407407,1010.4097708288956,5.402665740740741,4.4336164351851854,208.26313032407407,2761.1951637083334,-0.18788443605741598,-0.12129327910644709
E01,2010-05-01,10.3918082437276,1012.8791616913082,5.339715949820788,4.418027553763441,219.66632123655913,2742.2767766151433,-0.3384807468216924,-0.22034210783828004
E01,2010-06-01,14.065096714052668,1010.374411649965,4.239883943136798,3.5532495921696574,202.30260265672337,2436.4399178960616,-0.23090179635229588,-0.23328562234018357
E01,2010-07-01,18.038931451612903,1011.7802602218239,4.5823814964157705,3.872117831541219,203.30964538530466,2428.763497742998,-0.2560767822903954,-0.36074324464138213
E01,2010-08-01,17.770165770609317,1014.0005919713261,4.949191532258064,4.200721998207885,193.49157235663083,2717.743370041667,-0.18671921588801765,-0.2805041249986658
E01,2010-09-01,16.012483796296298,1012.468976375,6.280809259259259,5.26177962962963,205.6101923611111,2709.863324100463,-0.24483164593606033,-0.2302478651820308
E01,2010-10-01,11.512701836917563,1008.4848433915771,8.774289426523298,7.238694220430108,214.99710573476702,2657.8698611491936,-0.2963022017923622,0.04504231843780156
E01,2010-11-01,7.021533564814815,1016.0826756597222,9.416816435185185,7.616102546296296,196.90420439814815,2726.4089551944444,-0.11773347366077748,0.28428858686459507
E01,2010-12-01,1.2996756272401433,1005.774345452509,11.005953181003584,8.857783602150537,239.3640952060932,2702.7052244690863,-0.28238608091192147,0.4574335529114444
E01,2011-01-01,-1.5187085573476702,1010.4976781944445,9.362891353046596,7.433452956989247,226.51178113799284,2786.40852571931,-0.24756948705035567,0.49304841688302115
E01,2011-02-01,-0.8347447916666667,1011.0287366145833,10.352345982142857,8.363028025793652,230.70983854166667,2823.615659315476,-0.39544084233718635,0.15259220583549699
E01,2011-03-01,1.8900537634408603,1017.3598340882617,9.37397894265233,7.662181899641577,208.3605600358423,2702.0699897110217,-0.21515810314031938,0.047573133861831526
E01,2011-04-01,5.43167337962963,1011.8409212615741,7.36942824074074,6.068996759259259,190.49659166666666,2395.8007393194443,-0.12704421389071818,-0.14465632328502956
E01,2011-05-01,8.846801971326165,1014.8898665031362,6.284027777777777,5.244446684587814,131.82682549283155,2140.273296011873,0.27189887238861016,0.010682141281362403
E01,2011-06-01,12.809174418604652,1011.608909227907,4.727160697674418,3.9621037209302323,173.30616627906977,2678.173453559535,0.06759395400775368,-0.12411781468816983
E01,2011-07-01,17.678030913978496,1010.238250250896,4.440649865591398,3.7603646953405017,207.42655197132618,2749.2990819422043,-0.30824058602081056,-0.37436045329956935
E01,2011-08-01,17.28030241935484,1010.0854755824373,5.122913082437276,4.293626344086022,182.67259744623655,2674.283005577733,-0.08441000658015681,-0.40925792048768644
E01,2011-09-01,16.492340277777778,1016.2287624837963,5.629693518518518,4.699083333333333,182.39728310185185,2734.284421908333,-0.050262070585554895,-0.20525987242361748
E01,2011-10-01,12.00591644265233,1013.0593638866487,8.490770385304659,7.006737903225806,191.4205642921147,2676.655524811828,-0.15114811969743977,0.12920734843519094
E01,2011-11-01,9.172606481481482,1016.546325761574,8.01904074074074,6.549619444444445,205.3780502314815,2870.5031673148146,-0.2799280330611314,-0.22744051453253397
E01,2011-12-01,4.481239471326165,1017.9370941599462,9.723293906810035,7.8324325716845875,199.78282795698925,2844.7164576971327,-0.29376797745866967,0.07814594166378458
E01,2012-01-01,0.5311424731182796,1013.29611406362,10.040406137992832,8.017548835125448,232.3273646953405,2720.7386310685483,-0.32690898289602444,0.17566476120890628
E01,2012-02-01,1.106696571611663,1014.4751617141942,7.991393463633451,6.414971163088754,246.83477058635052,2897.5456087151556,-0.45818369100509915,0.21612817927279152
E01,2012-03-01,4.707214234104046,1017.3120545700867,6.656209537572255,5.5189313583815025,190.82637319364161,2845.7262309862717,-0.1568912770280432,0.0990677439465462
E01,2012-04-01,6.755706143424433,1009.5961655547769,7.003374912403644,5.800457836953982,219.12602359261854,2778.4651321513666,-0.26306970689402537,-0.07939561705774698
E01,2012-05-01,10.671878136200716,1016.7227179614696,4.79915188172043,4.015656362007168,163.54727889784945,2389.4973650291217,0.11040402790939047,-0.34490918900578527
E01,2012-06-01,13.9091875,1012.5129856157407,5.2770826388888885,4.420780787037037,162.94694467592592,2686.554452898148,-0.005496308089568108,-0.22245553939561744
E01,2012-07-01,18.703434909253865,1011.7163018126821,4.208395025767421,3.5585406677123013,206.63477996863097,2792.826220434685,-0.2942273315951487,-0.22802791533690683
E01,2012-08-01,19.318245967741934,1013.8554202732975,4.046107526881721,3.4239032258064515,203.43131205197133,2668.6144686164876,-0.22719531417112862,-0.419941776797827
E01,2012-09-01,16.298761574074074,1015.8869458333334,5.935478472222222,4.93685787037037,192.3728111111111,2746.422673019217,-0.10183308602324148,-0.10971865258250792
E01,2012-10-01,12.830028673835125,1013.8713167585125,7.678393817204301,6.346339605734767,184.77392517921146,2729.335071453853,-0.08074639490103103,-0.11521024110476828
E01,2012-11-01,6.5709636574074075,1018.4164927986111,9.174906712962963,7.387034259259259,186.3383164351852,2840.8497172592593,-0.16388262710272675,0.3782154146535471
E01,2012-12-01,3.839769041218638,1014.4192144265232,10.314444444444444,8.21069041218638,193.66018660394266,2619.5409477405915,-0.09417386758176198,0.3271786236672472
E01,2013-01-01,0.17616330645161293,1016.0622982997312,10.909534946236558,8.645817652329749,233.4608998655914,2760.9547119130825,-0.44993742003906595,0.12689497125362403
E01,2013-02-01,-0.30025719246031746,1012.3408853472222,10.043256200396826,8.035530257936507,202.24643874007936,2816.766318563492,-0.15589081905093458,0.2610590104432009
E01,2013-03-01,2.3463620071684588,1010.3254992674731,9.320032034050179,7.610031586021505,217.19334072580645,2794.573607472222,-0.2270401354471631,0.3682255350739675
E01,2013-04-01,5.551596990740741,1018.8785522083333,7.364667592592593,6.080606944444445,190.12384467592594,2717.321913898148,-0.092211799633377,-0.17884772274099348
E01,2013-05-01,9.518785394265233,1016.8788654009857,5.332832661290323,4.421698028673835,171.86869914874552,2334.6259626805554,0.03788352111239305,-0.28393724041042967
E01,2013-06-01,13.767033224146,1011.6609910809547,5.041347917641554,4.223007721104352,191.75792512868506,2533.3163503673372,-0.15206257782982252,-0.30356014775531504
E01,2013-07-01,17.286106630824374,1015.4571282276496,4.081631861976249,3.4413385615057135,174.04049921577413,2253.5692160748376,-0.04031646401335146,-0.1692650037350932
E01,2013-08-01,17.6021438172043,1014.3407034737786,4.420045261035178,3.737177498879426,206.7659242492156,2685.260678976916,-0.3072524388039332,-0.36094464443114116
E01,2013-09-01,14.881527777777778,1014.2847661782407,5.684191666666667,4.742874768518519,227.42017222222222,2559.5136879615743,-0.3463896494516153,-0.09602934458400889
E01,2013-10-01,11.966908826164875,1016.7910995564516,6.2230994623655915,5.123077956989247,197.8808257168459,2826.322931106855,-0.21275020406360107,-0.07648775660865813
E01,2013-11-01,5.772346527777778,1017.2613356527778,10.07124050925926,8.045793518518519,235.41654768518518,2814.8457708796295,-0.4820072967613031,0.05191691619851833
E01,2013-12-01,0.5213960573476702,1017.234687267025,9.378866487455197,7.477177867383513,222.68578001792116,2725.6288630542117,-0.22735036957468885,0.3355795826385555
E01,2014-01-01,-1.876127688172043,1013.2291089045699,10.686845430107526,8.415635976702509,223.3172258064516,2926.9504900492834,-0.4839547012202797,-0.019117559420843647
E01,2014-02-01,-1.5323973214285715,1014.4837481870039,9.18353621031746,7.293492559523809,212.86832862103174,2951.11443109127,-0.30972345867472034,0.2251032183504148
E01,2014-03-01,-1.0271702508960574,1014.4203980667563,9.359832661290323,7.5151875,213.98203494623655,2957.403186111111,-0.2566008462156869,0.1819371939715854
E01,2014-04-01,4.78224375,1015.9294835115741,7.391821296296296,6.083408333333334,181.48951574074073,2865.8316557268517,-0.013705373958916833,-0.021720177955906722
E01,2014-05-01,8.428581765232975,1015.0724767988352,4.878320116487455,4.08935976702509,177.91781093189965,2840.428605448029,0.04499563290426559,-0.17916375524713238
E01,2014-06-01,13.795825356058836,1014.5293606280644,4.62901027317301,3.900474900770488,205.51523861779125,2718.4498742797105,-0.2367241551085791,-0.21166050527144684
E01,2014-07-01,17.395470430107526,1012.5158799238351,5.616048835125448,4.753125896057347,198.3149406362007,2490.1900271662184,-0.28230360704349927,-0.4786564643298346
E01,2014-08-01,17.395397039030957,1015.0880884096007,4.316260430686406,3.6144611933602513,206.71639030955586,2837.9459200767333,-0.26168598343986166,-0.2184197587434593
E01,2014-09-01,15.79517156862745,1017.7356060968137,5.414398590686274,4.534204656862745,184.9310125612745,2632.0392439914217,-0.11954613709895315,-0.22599801127254182
E01,2014-10-01,12.611872311827957,1012.0653239637015,7.874567876344086,6.530460349462365,185.8050660842294,2720.576564050179,-0.13796674194452455,-0.04130804871369543
E01,2014-11-01,6.537138425925926,1013.1545247800926,10.483803935185184,8.423578703703704,214.6346349537037,2750.8493413263886,-0.3840632345043086,0.042595723611180254
E01,2014-12-01,3.6852981630824373,1017.7359960573476,10.007942876344085,8.031963037634409,191.91058848566308,2706.2719838216844,-0.05733939291470251,0.30700909106909624
E01,2015-01-01,-2.1733353494623655,1015.2976492271505,11.741121863799282,9.130945116487455,223.97002710573477,2792.418089658378,-0.4035355365502243,0.27692413548923833
E01,2015-02-01,-6.396522817460317,1013.5051184395932,10.838572668650794,8.352969990079366,201.39333159722221,2844.8597571795635,-0.2674589135419074,0.4511643169100981
E01,2015-03-01,-0.11001859318996414,1015.2290823700716,9.740746639784946,7.782775089605734,250.22923700716845,2817.2366717719533,-0.510329988979368,0.11760243891943085
E01,2015-04-01,4.148535264054514,1017.9957140954003,6.430094378194208,5.122183645655877,195.9160402044293,2786.210218218058,-0.11954406202666988,-0.03699747448256999
E01,2015-06-01,12.77395082904517,1013.1438753645982,4.843983133218982,4.085672670097199,192.77173499142367,2726.0299111220697,-0.10159337541342972,-0.29985984158135653
E01,2015-07-01,15.654372759856631,1011.5484859251792,4.066153673835125,3.430105734767025,182.07100716845878,2470.423265123432,-0.040859307942391364,-0.2746019281379445
E01,2015-08-01,17.77747535842294,1013.7849244422043,3.977731406810036,3.3442345430107525,189.0304399641577,2500.378044441084,-0.1209009348986949,-0.43981406940817647
E01,2015-09-01,16.00695138888889,1017.230927735587,4.836104398148148,4.09225462962963,183.95666875,2770.910559675851,-0.16614675851059824,-0.1869867413762814
E01,2015-10-01,10.816548611111111,1017.0869997334229,8.39580891577061,6.877933243727599,200.44558691756274,2832.598656207437,-0.19104027867882925,0.046016370463747326
E01,2015-11-01,8.162269907407408,1019.7860043425926,8.175891898148148,6.649075462962963,204.74486180555556,2851.1453376018517,-0.23938872248430626,0.047871821928712796
E01,2015-12-01,6.01181541218638,1017.5215988776881,7.65038082437276,6.15597670250896,203.00331227598565,2733.345882684624,-0.20037909899132073,0.0656065581914355
E01,2016-01-01,0.8020902777777777,1011.6801638508065,10.57008422939068,8.456044802867384,220.4391086469534,1247.2939406432204,-0.3286684905122858,0.19673479396919366
E01,2016-02-01,0.7034504310344828,1013.306750572318,9.936992337164751,7.928884099616858,216.37821288314177,495.53575318446366,-0.25296798390390474,0.09240561469320498
E01,2016-03-01,2.644473566308244,1014.8297818167563,8.618930331541218,7.000514112903226,191.67992137096775,1173.9920090798757,-0.101973540755384,0.09965426971868996
E01,2016-04-01,4.961489583333333,1015.1064857638889,7.331548611111111,5.988626157407407,201.35197037037037,1728.9673786526316,-0.17555098711696213,0.007010082248337041
E01,2016-05-01,9.361672043010753,1012.9968010864695,5.625227374551971,4.679278449820789,178.68404659498208,351.96824442095004,-0.08051301303768674,-0.14709055306282012
E01,2016-06-01,13.968136574074075,1010.7386293726852,5.110119907407407,4.2242395833333335,196.26190254629628,1942.398191468287,-0.09383231454767882,-0.337972606714581
E01,2016-07-01,17.526755392381826,1012.4427486232216,4.780998393758605,4.05348967416246,191.12966704910508,1983.7052292361175,-0.22631124912970893,-0.24446739551766045
E01,2016-08-01,18.264216894465605,1015.760334579879,4.687468967062514,3.9687593546941518,202.08102912838896,2808.8772917073716,-0.2415180943221679,-0.30741091348571525
E01,2016-09-01,16.112314814814816,1019.0259890138889,5.781095601851852,4.836530555555556,179.87411944444443,2659.2784416736113,-0.0577232002209979,-0.015565183275222294
E01,2016-10-01,11.609993951612903,1017.9081384050179,8.095485439068101,6.67786850358423,187.10994556451612,2783.165007468638,-0.054725121910232835,0.06982972715421133
E01,2016-11-01,7.851728472222222,1014.2328208773148,8.565780555555556,6.9246087962962966,210.3890851851852,2848.3177216921295,-0.23944883341181275,0.2605203296950321
E01,2016-12-01,2.1952071364452426,1015.5402922980252,10.612093806104129,8.406091786355475,249.0270289497307,2649.6099867870585,-0.5067320658815876,0.18449772504159073
E01,2017-01-01,1.4403581989247312,1014.3753984606767,10.832191308243727,8.702575044802867,219.09608400537635,NA,-0.32740585097996766,0.11743461147710606
E01,2017-02-01,0.21357316468253965,1010.759101865542,10.068594990079365,8.131337549603174,219.2141267361111,NA,-0.283518647823028,0.14312475488899914
E01,2017-03-01,-0.7843788082437276,1017.0199242549854,9.982923387096774,8.028292338709678,222.68765098566308,NA,-0.2615978342612247,0.26150738973539667
E01,2017-04-01,5.199938194444444,1016.3845746157407,6.950198379629629,5.784818518518518,168.26992268518518,NA,0.09627172309973209,-0.13708684474090682
E01,2017-05-01,8.281510528673834,1012.2594832213261,5.5154861111111115,4.59498767921147,182.63160282258065,NA,-9.886560297328766e-4,-0.126493102590712
E01,2017-06-01,13.242564814814815,1011.6668637323454,5.361808796296296,4.492460185185185,195.42187291666667,612.2285728860387,-0.22351780366185112,-0.45305841880265335
E01,2017-07-01,16.396041666666665,1013.6918653225806,4.251652329749104,3.599682123655914,180.76933826164876,2814.3107827410995,-0.08765600434243108,-0.3567767444333895
E01,2017-08-01,17.211341845878135,1015.3131069466846,4.116120967741936,3.4442275985663082,200.13754883512544,2944.6370383018075,-0.21017547105867374,-0.3814017280828557
E01,2017-09-01,15.294384259259258,1015.0803770115741,5.64820462962963,4.655959953703704,180.22365763888888,2952.5900097916665,-0.13915022829976267,-0.12738037279690592
E01,2017-10-01,13.616807528568227,1017.7224507575079,7.1016127297176155,5.868033833744119,189.94443401299574,1799.1745651250176,-0.09780792934106361,-0.3943172257217541
E01,2017-11-01,6.293539583333334,1017.0582414212963,9.29911273148148,7.430989814814815,211.4187037037037,1974.2182803996893,-0.2413244184162237,0.019185514097845458
E01,2017-12-01,-0.47737520091848457,1014.1459318419844,9.850627784156142,7.794952009184845,243.3330174512055,2527.1106218489917,-0.46261373197836203,0.26090330036826387
E01,2018-01-01,-1.6237924232234924,1017.084659302847,10.51757969065232,8.411440708361354,226.44304909213182,2774.7001720712847,-0.43746224493618246,0.15837318933805006
E01,2018-02-01,1.7576348063555114,1020.7284493245593,8.32477358490566,6.723330685203575,214.45969116186694,2698.6710885969705,-0.3031971817538687,-0.052965149566290684
E01,2018-03-01,1.9281107871720116,1009.9964283763176,10.250676833370711,8.32918546759363,168.87686947746133,2774.5720269203857,-0.14683030373173014,0.458924412167109
E01,2018-04-01,3.790116779348494,1013.893372728949,7.985988014751076,6.510521819299324,213.33234542102028,2850.9127300061464,-0.2993160716127019,-0.07558910564168991
E01,2018-09-01,14.650232558139535,1020.4538674418604,3.598,2.5805116279069766,241.44193023255815,2958.6917720930232,-0.45199168804022055,0.14051822798445268
E01,2018-10-01,10.570501396648044,1014.2436624186704,9.099605006954103,7.37221140472879,201.30947850208045,2875.9146469664333,-0.22257113673574963,0.1328956822662475
E01,2018-11-01,5.138679767103348,1014.1937476706231,10.152084179970972,8.082581021897811,217.03417101449276,2783.6187704549707,-0.27861784857512867,0.17991083122673646
E01,2018-12-01,1.425924791086351,1016.2873328186969,9.108313969571231,7.102322670375521,225.8135612104539,2834.2339581756983,-0.365266016270158,0.23004644021480736
E01,2019-01-01,-1.0831830985915494,1013.7126987212644,11.127887165021157,8.814614950634697,226.60806005586593,2848.7257124514163,-0.33962287460334784,0.1471098807432086
E01,2019-02-01,-1.3271064814814815,1017.1790185150079,10.467668209876543,8.184877708978329,234.21425692307693,2868.8437481182946,-0.382217266712341,0.12401349701994063
E01,2019-03-01,1.1889286713286713,1016.6183345142857,8.9042737430167591,7.135355244755245,222.825438108484,2884.3757489599157,-0.34756467742731006,-0.04203927354161775
E01,2019-04-01,5.162525641025641,1014.0053349927641,7.891731811697575,6.520472182596291,197.41555413105414,2792.715335842632,-0.19061625954544606,-0.1337247555937513
E01,2019-05-01,8.107090534979424,1013.9720481578947,5.209167352537723,4.353167352537723,178.91637362637363,2872.9032043016527,0.0019597548540824677,-0.15001273600721818
E01,2019-06-01,12.539130752373996,1011.4805901728756,4.812919405892379,3.9678341855368884,190.69857974190407,2585.70266807402,-0.11543566550248843,-0.2455258319497185
E01,2019-07-01,17.368084677419354,1012.0617605353942,4.106168682795699,3.4317264784946238,205.23212275985662,2876.551899375,-0.26485292183855613,-0.36111918487142186
E01,2019-08-01,17.725481630824373,1012.8019704592294,4.468790770609319,3.6968929211469534,195.3454482526882,2811.5223434397403,-0.16504976121355486,-0.2887533632778119
E01,2019-09-01,15.16024537037037,1017.1093433981481,5.832493055555555,4.793334027777778,199.34440625,2968.0490093819444,-0.25081765745637147,-0.10003381781358547
E01,2019-10-01,11.671877688172042,1016.9493024619176,7.672717741935484,6.195326164874552,166.90012589605735,2938.7130076993726,0.02632020744472658,-0.022071416031028385
E01,2019-11-01,5.225423611111111,1013.7493720231481,10.946475925925926,8.67441712962963,220.43476967592593,2911.2806959699074,-0.33777117561033765,0.27028031985104506
E01,2019-12-01,2.0284108422939067,1014.3087734274194,10.381303315412186,8.164411066308244,220.07128584229392,2875.675096908602,-0.3028676712636772,0.2573784391567561
E01,2020-01-01,1.0095696684587814,1015.4723186111111,9.369088261648745,7.391002688172043,225.95939695340502,2911.8832151388888,-0.3006733601001557,0.22405475635070732
E01,2020-02-01,1.0468910440613026,1013.2079190158046,9.376834770114943,7.393384578544062,214.75204022988507,2932.030776027299,-0.3318509073172704,0.1245093150221039
E01,2020-03-01,3.26202688172043,1017.9674510730287,9.00231317204301,7.22965479390681,186.06412343189965,2953.1887749126345,-0.041562886825644754,0.11264456664191053
E01,2020-04-01,5.068000925925926,1008.3774250694445,8.79552962962963,7.0971981481481485,172.8429912037037,2963.9221101944445,-0.052058102451455424,0.04924784267310538
E01,2020-05-01,8.789769041218637,1013.466938812724,6.969914426523298,5.693070340501792,203.64665882616487,2738.055217134857,-0.21992346380755215,-0.25440000412870084
E01,2020-06-01,14.047122685185185,1013.1681152847223,4.77906875,3.957520138888889,184.4387150462963,2574.373821740741,-0.06698460751700351,-0.26765178286789865
E01,2020-07-01,17.978575268817206,1011.839551422491,4.625803987455197,3.835181899641577,171.51667764336918,2580.741187692652,-0.023973457614463328,-0.32234779520678253
E01,2020-08-01,19.02646729390681,1011.8309260573477,5.1072965949820786,4.180710125448028,200.98590748207886,2895.421428969534,-0.22387286182072033,-0.21749267991601304
E01,2020-09-01,15.523125731678764,1018.1353931491454,6.061092250058534,4.923656286583938,192.40851346288926,2576.145831027862,-0.06504678219483871,-0.23948861513701702
E01,2020-10-01,11.428501793721972,1018.9768951479821,7.465432735426009,5.9120477578475334,187.9331096412556,2874.099808455157,-0.03579310012751639,-0.06497319565939062
E01,2020-11-01,7.802286805555555,1019.0540769861111,8.982045601851851,7.066883333333333,214.72500231481482,2863.826582449074,-0.30707884095658305,-0.1563806986128137
E01,2020-12-01,3.2751122311827956,1014.1928096370967,10.3882688172043,8.085447132616487,217.68835528673836,2960.688492905466,-0.3684186973582948,0.049264061090520804
E01,2021-01-01,0.2465257616487455,1012.5778057907706,9.50227688172043,7.383828405017921,234.1591377688172,2977.204668727599,-0.27733001273139046,0.5700669943005253
E01,2021-02-01,-0.31961780753968255,1017.0330560416667,9.530569444444444,7.351222718253968,221.50257787698413,1404.6449834399803,-0.29337606996667376,0.4222556854503421
E01,2021-03-01,2.467375224014337,1017.4592615591398,9.236678315412187,7.269655241935484,236.4046964605735,2791.9285117271506,-0.4041885895128948,-0.13905821177211172
E01,2021-04-01,6.113889814814815,1009.8162569444445,7.178592592592593,5.720066203703704,210.15045949074073,2765.177298530003,-0.16791206255338198,0.09465392466060506
E01,2021-05-01,10.233801747311828,1016.286318624552,5.891030465949821,4.726508960573477,191.42193257168458,1890.1448786385047,-0.15946004694824556,-0.10826127086909906
E01,2021-06-01,15.130285580524344,1014.3835544335207,5.417997893258427,4.454257958801498,209.50232256554307,2759.9582071474506,-0.3775353782409605,-0.6169245809801048
E01,2021-07-01,16.01426523297491,1014.5935110125448,4.515138664874552,3.6357892025089606,181.46718055555556,2803.120781906362,-0.11587815594406425,-0.03758196664496555
E01,2021-08-01,18.03549283154122,1017.1172247267025,3.974801075268817,3.25108355734767,176.4602358870968,2812.9349993862006,-0.03704836648972401,-0.29636184035058366
E01,2021-09-01,16.77988425925926,1015.1266631296296,6.0200046296296295,4.856193055555556,201.5605189814815,2909.449484946759,-0.13192010009118302,-0.14352623968293174
E01,2021-10-01,13.08708686868687,1015.1510249337823,7.1561443322109985,5.720037037037037,168.16756071829406,2965.114009402918,0.05982002632383725,0.10107148693018725
E01,2021-11-01,7.683705555555555,1015.6211749907408,8.910025925925925,6.8924763888888885,251.8409650462963,2972.255429236111,-0.5028819443894892,0.2059433223449569
E01,2021-12-01,3.884795698924731,1015.0036267607527,9.793436603942652,7.57205600358423,221.24400627240144,2968.0268775985664,-0.2782427905076048,0.2457883827288106
E01,2022-01-01,-1.723899417562724,1015.6934049484767,11.099402105734766,8.442358870967741,225.1896413530466,2815.553026355287,-0.3293586056898021,0.30591273869376956
E01,2022-02-01,-0.2278938492063492,1020.5357208854167,10.902788938492064,8.445972222222222,204.24391939484127,2923.3027384771826,-0.27589124424096206,0.086378430487622615
E01,2022-03-01,2.5181373207885303,1013.311754921595,8.57558803763441,6.667483646953405,230.06184050179212,2855.343304592742,-0.3241310680267618,0.017511227668274967
E01,2022-04-01,6.095825,1013.7627633032407,8.009541203703703,6.259752083333334,216.88133333333334,2952.5800367939814,-0.2135807303816142,0.09064389059981434
E01,2022-05-01,9.803532482078854,1017.8912893234767,5.63644399641577,4.539870967741935,161.83515681003584,2683.6024944780465,0.07148548935206625,-0.1690134087357571
E01,2022-06-01,13.903664351851852,1013.664604599537,5.164422453703704,4.136829166666667,200.99845462962963,2869.2717928171296,-0.18246343566388576,-0.36942032973824235
E01,2022-07-01,18.258012992831542,1012.2383727979391,5.037131272401433,4.12440546594982,221.0285862455197,2934.1535100112005,-0.46499356437485384,-0.5092091297807978
E01,2022-08-01,18.42310035842294,1015.0019314000896,4.412141129032258,3.5941131272401434,176.0589744623656,2813.1160714784946,-0.006892642108998494,-0.22340103835450043
E01,2022-09-01,15.708462962962964,1014.7597996643518,6.400381018518519,5.180528472222222,207.37412708333332,2957.9386645625,-0.24853435962963052,0.02452512145606562
E01,2022-10-01,12.5522179138322,1018.1538816394558,6.459712244897959,5.17985918367347,172.94047528344672,2810.088901820862,-0.04737134955710036,-0.09793653632379262
E01,2022-11-01,8.435729210099606,1016.8738847208709,10.056282835302293,7.9061996757007185,232.52631503358813,2957.4599885429698,-0.4540841105216188,-0.047822694343909074
E01,2022-12-01,3.4133346774193547,1017.8125558490143,11.397812275985663,8.937701164874552,214.66698297491038,2931.7880469892475,-0.24457892302344234,0.19356537050503447
E01,2023-01-01,2.6752643369175626,1012.8409772580645,9.477734318996415,7.428463485663082,186.60659005376345,2922.486432423835,-0.1352604433798184,0.3478180502678495
E01,2023-02-01,0.12119325229471596,1015.2534041503349,9.20995088067477,7.139112379062268,194.61710171173405,2854.2066957851653,-0.20889791046612868,0.18372664445476553
E01,2023-03-01,3.2440123207885305,1012.1073387791218,8.894084005376344,7.074054883512545,211.80170049283154,2918.7147196012547,-0.1498472472892387,0.23478273209815734
E01,2023-04-01,5.757276182432433,1015.6006129307433,6.889167652027027,5.532985219594595,202.84212035472973,2879.304162635135,-0.1689010043618272,0.029671090543359407
